date,n_liters
10/04/2013,244113.35
10/11/2013,208077.45
12/22/2020,169140.51
08/25/2021,165949.13
10/13/2022,164972.95
10/12/2022,164010.52
10/05/2012,158707.9
12/29/2020,157416.04
09/05/2019,150028.94
12/09/2021,149987.37
07/31/2019,148192.44
08/03/2022,146040.42
09/29/2020,145748.75
07/07/2021,145426.53
12/22/2017,144991.33
12/07/2023,144954.92
05/19/2015,143572.34
05/03/2023,143553.54
06/26/2012,141048.5
06/29/2023,140833.53
06/29/2022,140328.23
06/06/2016,140154.24
12/27/2022,140146.08
10/07/2013,139545.27
12/21/2018,139501.22
12/06/2023,139156.0
02/10/2022,138998.43
08/19/2021,138465.59
10/19/2012,138249.87
08/31/2022,138002.93
09/06/2022,137831.69
06/15/2015,137703.47
12/21/2016,137411.78
12/07/2022,137350.74
07/05/2019,137050.77
10/06/2021,136790.69
05/05/2022,136719.09
10/01/2014,136599.11
06/26/2019,136471.19
12/01/2015,136047.08
10/02/2013,135861.21
09/23/2020,135620.11
10/05/2021,135553.47
06/28/2017,135476.21
09/08/2014,135437.45
05/29/2020,135177.05
06/23/2014,134742.39
08/29/2023,134689.24
09/09/2020,134448.35
09/11/2017,133425.41
04/07/2014,133146.22
02/09/2023,132603.54
02/16/2022,132537.92
12/09/2020,132371.37
06/09/2014,131969.26
03/07/2024,131639.8
12/01/2014,131631.46
09/01/2022,131606.62
08/28/2017,131450.7
10/26/2012,131449.4
12/08/2021,131239.43
08/04/2022,130993.26
12/06/2018,130230.23
01/27/2014,130087.19
05/23/2024,130067.91
10/13/2014,130067.57
05/05/2020,129921.25
10/15/2014,129737.09
05/04/2023,129598.55
12/29/2014,129488.63
02/08/2024,129414.37
06/27/2023,128935.22
12/22/2016,128844.94
05/29/2019,128563.43
12/08/2020,128465.06
03/16/2015,128207.76
06/02/2020,128111.54
05/18/2015,127520.83
12/19/2016,127517.86
11/30/2015,127231.35
06/27/2016,127192.92
06/01/2015,127158.57
06/28/2016,127047.21
05/05/2021,127004.11
12/13/2018,126930.43
05/02/2018,126762.14
11/18/2015,126553.06
12/10/2014,126479.35
09/22/2020,126380.57
06/29/2018,126340.07
09/03/2014,126184.8
09/10/2014,126050.16
10/06/2014,125883.91
06/16/2015,125630.79
08/26/2013,125556.44
05/28/2020,125334.56
05/07/2019,125102.58
08/18/2022,125078.73
12/05/2017,125068.72
04/14/2020,125052.52
04/07/2022,124972.97
08/26/2020,124894.48
06/15/2022,124802.72
11/10/2021,124648.51
06/27/2018,124637.45
10/12/2015,124624.87
11/14/2018,124507.1
02/11/2015,124418.78
08/02/2023,124330.32
06/25/2013,124169.08
06/05/2017,124145.63
11/17/2020,124068.08
08/27/2014,124000.55
12/21/2021,123871.09
11/16/2021,123377.54
05/04/2015,122939.74
05/16/2018,122911.21
04/06/2022,122887.62
02/10/2014,122869.66
12/02/2013,122584.47
04/25/2024,122437.93
01/06/2014,122390.62
07/08/2021,122370.01
12/15/2020,122287.5
09/30/2021,122234.0
04/28/2014,122214.61
08/02/2022,122087.89
06/30/2020,122080.24
06/28/2023,122010.24
04/07/2020,121852.19
05/06/2021,121784.93
09/09/2021,121504.41
06/02/2014,121395.24
10/19/2021,121379.23
07/06/2023,121283.76
12/03/2014,121231.62
07/06/2022,121177.2
12/27/2018,121156.77
12/04/2017,121141.04
10/07/2014,121052.45
12/08/2014,120992.69
12/17/2018,120971.23
11/09/2021,120887.44
04/29/2015,120592.15
09/07/2023,120556.59
05/31/2019,120472.95
12/05/2018,120403.56
07/21/2021,120266.84
12/15/2021,120119.47
12/28/2018,120091.97
11/14/2023,120055.26
10/06/2015,119932.45
05/04/2021,119924.77
04/27/2015,119757.39
08/18/2020,119728.61
11/09/2023,119698.43
10/06/2020,119629.82
02/09/2015,119570.28
06/21/2016,119484.7
02/06/2024,119458.55
10/02/2017,119440.1
08/30/2022,119412.33
08/31/2021,119228.89
12/07/2017,119104.11
11/05/2014,119082.6
08/24/2021,119011.19
11/25/2022,118938.59
06/02/2021,118898.36
06/23/2020,118830.71
07/20/2021,118814.19
02/23/2023,118781.68
10/05/2015,118776.46
04/24/2020,118739.3
09/14/2015,118640.44
12/12/2012,118627.1
12/17/2014,118604.62
10/14/2015,118577.89
03/08/2023,118462.35
01/29/2014,118444.59
10/07/2021,118388.81
04/21/2021,118293.99
06/06/2023,118287.84
12/27/2023,118200.42
11/07/2022,118181.56
11/17/2014,118106.93
09/06/2017,117936.77
12/20/2018,117798.08
11/07/2023,117794.69
12/05/2022,117757.31
10/20/2015,117635.01
04/28/2021,117634.57
05/05/2014,117497.46
06/24/2020,117412.97
08/31/2018,117404.45
06/04/2018,117397.06
05/19/2020,117272.34
11/04/2021,117181.39
10/12/2012,117145.4
05/25/2022,117127.46
05/12/2020,117006.04
12/10/2018,116948.39
04/04/2016,116893.42
04/25/2016,116836.89
06/10/2021,116779.38
10/19/2015,116716.06
02/01/2016,116381.25
10/11/2023,116376.87
08/25/2020,116300.82
04/24/2019,116283.7
07/11/2016,116262.85
12/22/2015,116246.43
07/07/2014,116177.22
12/07/2015,116163.62
06/24/2013,116084.36
02/02/2016,116070.83
12/19/2018,116053.43
11/17/2016,116052.05
12/12/2018,115965.42
07/11/2018,115857.9
11/12/2014,115821.45
04/14/2022,115785.87
06/09/2021,115656.86
07/01/2020,115590.59
09/11/2020,115297.29
11/29/2018,115275.34
03/30/2022,115274.93
05/03/2024,115270.02
09/10/2012,115249.02
09/15/2016,115186.84
08/02/2018,115185.22
04/09/2014,115125.14
11/15/2018,115103.61
05/26/2017,115071.3
07/26/2023,115030.42
08/31/2023,115023.31
10/24/2018,114953.85
10/08/2014,114877.64
12/18/2012,114845.23
06/17/2015,114697.53
05/25/2018,114634.24
05/15/2019,114571.39
05/24/2023,114508.68
10/02/2018,114366.66
04/28/2020,114277.02
12/20/2019,114263.81
05/18/2022,114138.34
06/26/2017,114118.78
01/04/2024,114078.68
12/20/2017,114061.96
12/11/2020,114031.81
12/14/2015,114025.42
09/29/2014,113989.54
08/04/2014,113900.81
06/25/2024,113874.61
10/11/2022,113866.01
06/28/2012,113731.15
04/06/2023,113706.09
12/26/2015,113698.84
10/10/2018,113574.92
09/26/2023,113494.85
07/27/2015,113470.42
12/21/2015,113441.72
05/18/2021,113372.04
12/24/2012,113311.55
05/12/2014,113305.54
10/16/2013,113289.28
03/10/2014,113287.25
04/03/2023,113261.54
05/15/2020,113234.19
08/28/2020,113160.22
05/28/2019,113135.9
05/20/2015,113122.77
06/27/2022,113097.18
09/24/2019,112963.27
12/15/2014,112898.75
10/10/2023,112815.31
06/22/2020,112790.78
05/24/2016,112777.76
10/23/2017,112764.88
10/24/2017,112722.28
08/09/2022,112623.02
05/22/2017,112600.22
09/05/2018,112569.45
03/25/2020,112539.09
08/12/2013,112509.02
08/06/2014,112415.94
07/26/2019,112333.62
11/16/2022,112327.55
12/26/2018,112318.76
02/04/2015,112195.98
12/12/2017,112134.49
07/14/2014,112133.73
12/04/2013,112116.28
12/26/2019,112112.28
10/29/2014,112044.69
05/14/2019,112032.5
10/14/2013,111964.07
05/07/2024,111932.24
05/31/2022,111921.93
12/01/2016,111919.66
05/27/2020,111899.03
12/19/2022,111870.16
07/29/2013,111869.21
09/01/2020,111868.27
08/24/2015,111859.87
09/28/2015,111852.75
05/07/2013,111802.1
04/18/2024,111731.02
08/11/2021,111709.84
12/17/2019,111633.26
06/24/2019,111591.14
06/25/2019,111573.68
08/05/2013,111510.05
12/26/2014,111451.41
10/13/2015,111446.27
06/01/2023,111435.72
11/03/2020,111432.82
12/11/2018,111427.94
04/09/2013,111337.24
12/09/2015,111265.63
11/19/2014,111261.89
12/16/2013,111250.97
06/09/2020,111242.37
10/12/2021,111222.15
06/28/2021,111208.84
05/31/2023,111208.29
11/21/2016,111126.13
08/11/2014,111031.5
01/24/2019,110984.59
01/03/2024,110964.14
10/04/2018,110950.93
12/18/2017,110917.83
10/27/2020,110858.49
06/26/2020,110731.1
07/28/2015,110714.77
09/28/2021,110671.2
04/05/2023,110654.24
06/07/2023,110632.37
03/18/2015,110537.24
10/26/2020,110512.26
09/08/2023,110512.05
01/25/2016,110474.37
03/24/2020,110449.76
07/29/2019,110422.76
10/06/2016,110364.14
03/31/2021,110326.76
11/26/2021,110308.35
12/27/2013,110287.42
05/02/2016,110274.91
09/06/2018,110261.76
09/02/2015,110247.14
01/26/2015,110240.15
05/05/2023,110237.89
02/24/2014,110202.45
05/03/2016,110147.71
06/29/2015,110137.06
08/28/2019,110058.24
06/04/2012,110043.96
04/08/2021,110030.24
04/14/2014,109977.94
12/15/2015,109926.54
05/08/2018,109911.26
07/28/2020,109905.47
11/30/2017,109901.36
11/22/2021,109885.73
05/08/2020,109877.89
04/28/2015,109864.15
05/09/2016,109854.02
12/07/2021,109801.74
10/03/2022,109793.85
05/26/2021,109786.41
12/16/2020,109697.02
12/03/2018,109663.2
10/03/2013,109636.76
11/19/2018,109622.96
12/27/2016,109615.63
09/29/2021,109577.43
11/16/2016,109577.32
06/27/2012,109568.41
10/04/2023,109539.16
02/06/2017,109531.97
04/10/2020,109526.32
06/16/2021,109522.18
10/07/2020,109508.43
12/06/2021,109490.96
03/20/2020,109460.24
04/29/2013,109359.91
11/21/2022,109298.2
05/12/2021,109289.54
06/27/2013,109239.59
02/11/2019,109224.43
05/23/2016,109121.84
09/22/2021,109119.85
06/08/2023,109116.9
12/09/2013,109116.02
12/18/2013,109113.98
02/17/2016,109093.36
10/17/2012,109076.73
11/21/2023,109075.28
06/25/2018,108993.66
12/02/2015,108935.68
10/07/2015,108923.92
07/10/2013,108874.54
05/22/2012,108860.91
03/06/2023,108791.35
06/16/2020,108761.61
08/28/2012,108748.81
09/01/2021,108733.47
07/29/2015,108657.8
06/13/2012,108614.95
12/18/2018,108572.76
08/04/2020,108531.5
12/13/2022,108490.39
11/28/2018,108481.82
05/30/2018,108457.46
10/04/2022,108451.43
10/22/2014,108377.61
12/07/2016,108330.18
08/28/2013,108292.0
10/27/2014,108275.66
08/03/2015,108270.35
03/07/2016,108211.9
11/26/2018,108155.19
11/08/2017,108136.54
12/15/2022,108115.21
08/28/2018,108090.92
03/05/2021,108077.89
05/23/2018,108077.33
10/09/2012,108066.62
06/25/2014,108025.18
04/08/2020,108001.76
10/03/2018,107995.79
12/27/2017,107977.39
03/06/2019,107956.35
06/07/2016,107922.08
06/20/2016,107907.83
07/21/2014,107873.15
12/11/2012,107772.89
07/13/2015,107761.73
09/18/2020,107743.09
10/23/2018,107742.58
12/22/2023,107703.51
07/05/2021,107662.68
03/17/2015,107608.9
06/28/2018,107551.94
11/22/2023,107514.74
06/13/2016,107461.1
01/05/2015,107295.27
03/03/2021,107261.82
05/06/2020,107249.67
10/05/2022,107245.1
12/05/2023,107201.39
09/13/2017,107198.41
11/23/2021,107185.38
11/18/2021,107162.28
07/07/2023,107141.76
09/15/2020,107095.9
08/25/2014,107069.03
06/22/2016,107068.65
07/30/2018,107063.54
06/05/2024,107043.56
08/26/2015,107029.64
05/16/2016,106994.9
02/07/2019,106984.65
09/02/2020,106970.23
05/04/2020,106872.3
05/10/2017,106833.47
06/14/2021,106802.3
12/26/2020,106802.29
06/29/2020,106770.52
10/01/2020,106753.94
05/21/2013,106722.38
04/11/2016,106707.55
10/17/2018,106697.35
12/14/2021,106682.66
04/12/2018,106680.62
11/09/2015,106676.4
12/17/2012,106663.85
08/01/2018,106639.03
02/07/2023,106598.81
03/07/2019,106590.23
12/18/2020,106557.28
05/02/2022,106531.21
10/10/2016,106524.08
04/30/2018,106490.64
08/05/2020,106487.91
10/05/2017,106471.6
11/06/2018,106363.65
12/04/2018,106361.9
09/08/2022,106287.0
05/11/2017,106270.14
12/12/2022,106258.74
07/10/2018,106112.86
10/16/2019,106099.3
07/29/2020,106037.99
10/15/2018,106034.66
05/02/2024,106018.26
12/16/2021,106005.35
03/10/2021,105928.18
07/14/2021,105924.33
02/08/2016,105922.71
06/22/2015,105920.65
07/29/2022,105901.54
09/13/2023,105878.88
08/26/2019,105859.04
05/23/2023,105858.63
11/18/2022,105840.68
12/08/2022,105839.17
07/02/2013,105833.28
09/18/2017,105824.82
05/03/2018,105778.54
10/16/2012,105766.76
06/25/2021,105757.89
02/09/2017,105753.74
06/27/2014,105735.75
12/09/2022,105713.34
08/27/2018,105694.32
11/19/2021,105665.22
07/01/2019,105586.1
10/24/2012,105578.45
08/25/2015,105554.05
12/26/2017,105541.77
06/25/2012,105524.26
10/26/2015,105487.59
10/03/2017,105449.3
05/25/2021,105441.46
12/21/2022,105426.73
06/03/2021,105413.28
10/08/2019,105398.88
06/11/2014,105393.54
08/05/2022,105389.65
11/27/2020,105366.11
11/06/2020,105338.8
05/17/2019,105326.9
12/10/2021,105323.75
06/16/2022,105236.22
05/03/2017,105228.21
09/10/2018,105190.95
08/10/2022,105150.99
07/17/2017,105113.87
11/01/2021,105082.55
06/15/2021,105061.18
08/12/2020,105051.91
12/10/2012,104981.66
12/28/2015,104891.88
11/18/2013,104878.66
10/01/2015,104862.89
12/26/2016,104851.39
04/11/2018,104848.99
11/07/2018,104842.67
05/19/2014,104838.74
06/19/2012,104828.74
07/07/2015,104813.75
11/16/2015,104792.35
10/14/2020,104751.67
02/03/2021,104747.05
08/19/2013,104722.96
05/28/2014,104717.76
10/18/2018,104707.2
02/06/2018,104695.86
10/02/2012,104686.15
08/14/2017,104640.67
05/24/2022,104627.45
05/01/2020,104613.99
06/12/2017,104596.24
09/05/2013,104583.33
11/13/2019,104564.23
05/07/2021,104518.16
12/06/2017,104489.94
12/12/2016,104474.05
02/03/2016,104472.39
12/19/2023,104471.52
06/06/2018,104454.34
05/31/2024,104438.92
12/04/2020,104417.59
11/02/2015,104408.89
05/07/2018,104396.25
01/04/2016,104394.95
09/12/2017,104386.55
11/19/2019,104365.78
12/27/2019,104360.05
10/15/2019,104332.04
07/30/2019,104207.23
05/11/2015,104188.45
11/15/2017,104174.62
12/19/2012,104160.4
09/04/2012,104158.69
10/03/2023,104071.03
10/09/2023,103999.09
12/28/2021,103989.14
07/14/2020,103983.27
03/03/2014,103960.58
10/21/2015,103947.81
08/01/2023,103922.05
05/22/2019,103910.73
04/02/2014,103899.68
06/13/2018,103893.36
08/03/2021,103876.0
11/24/2021,103850.49
11/17/2021,103830.76
05/29/2013,103809.94
09/10/2020,103799.52
11/05/2018,103788.37
12/18/2019,103766.0
04/30/2013,103753.66
09/09/2013,103752.1
09/03/2013,103729.59
03/31/2014,103709.68
09/15/2021,103697.42
02/06/2023,103697.39
03/13/2017,103654.04
07/03/2023,103649.22
04/08/2013,103628.23
09/04/2018,103622.75
12/28/2017,103606.15
10/06/2022,103600.47
10/08/2012,103588.07
11/25/2019,103546.63
10/12/2023,103533.85
07/10/2017,103503.35
12/09/2014,103493.24
11/14/2022,103474.79
04/29/2020,103464.06
10/28/2015,103460.79
06/17/2020,103453.46
04/06/2016,103437.22
09/19/2022,103428.58
11/20/2019,103412.15
07/06/2015,103405.72
02/07/2024,103311.73
02/23/2015,103298.26
06/16/2014,103294.37
12/27/2012,103288.49
12/22/2014,103260.75
09/06/2012,103203.85
09/21/2021,103191.28
06/10/2024,103188.13
09/07/2022,103145.56
06/14/2018,103143.52
07/28/2014,103112.65
12/16/2015,103109.7
03/18/2020,103106.51
02/22/2016,103045.11
12/10/2019,103036.32
09/08/2021,103007.64
06/30/2021,102997.47
04/18/2016,102993.07
06/19/2020,102974.94
01/08/2014,102940.19
10/30/2017,102919.02
01/08/2018,102917.41
03/09/2015,102887.05
08/27/2019,102875.88
10/28/2020,102836.12
06/18/2024,102829.04
09/14/2020,102809.38
06/07/2022,102807.6
12/06/2022,102729.57
11/02/2023,102721.41
07/27/2017,102707.49
06/29/2016,102699.87
09/08/2020,102639.52
02/02/2015,102617.62
04/17/2024,102585.56
11/12/2018,102547.13
02/05/2018,102543.07
11/09/2022,102503.1
03/03/2023,102471.23
04/12/2017,102471.08
11/20/2017,102434.38
12/20/2012,102416.9
05/16/2024,102409.88
05/06/2015,102409.77
09/17/2014,102404.16
05/01/2018,102363.83
12/08/2015,102359.89
08/20/2014,102341.27
07/21/2020,102314.01
12/13/2017,102276.49
10/14/2019,102246.86
04/03/2012,102238.52
12/24/2019,102206.91
10/30/2019,102205.7
06/24/2022,102170.69
09/11/2012,102159.24
05/09/2018,102092.16
05/27/2021,102076.54
07/07/2020,101983.58
04/03/2020,101972.59
12/16/2019,101943.26
01/25/2021,101933.06
01/28/2019,101910.17
02/03/2014,101884.42
05/14/2018,101843.8
10/08/2018,101825.01
05/04/2016,101769.62
10/12/2017,101769.16
05/19/2021,101738.98
10/28/2021,101729.0
03/24/2021,101711.56
08/07/2020,101698.67
05/07/2014,101673.28
02/14/2024,101653.39
02/10/2021,101580.26
02/05/2014,101451.69
08/30/2017,101438.99
10/22/2018,101406.68
05/10/2016,101377.22
04/07/2021,101371.81
06/21/2021,101342.26
10/11/2021,101340.24
08/16/2022,101331.47
04/06/2015,101327.61
06/26/2018,101306.42
09/11/2018,101296.59
07/08/2020,101259.55
12/22/2021,101257.92
07/30/2021,101255.56
04/17/2020,101185.4
12/14/2020,101163.55
03/17/2014,101130.45
11/20/2020,101049.23
02/26/2019,101036.65
04/26/2016,101028.13
06/27/2024,101017.21
10/31/2016,100962.77
11/04/2020,100959.44
01/05/2024,100945.62
09/16/2021,100914.24
02/25/2021,100911.03
10/25/2017,100903.89
09/09/2014,100894.27
07/12/2017,100881.28
02/16/2016,100864.23
04/13/2020,100850.65
02/04/2022,100850.06
08/07/2018,100812.8
05/26/2015,100811.43
10/20/2020,100788.64
11/16/2017,100750.3
09/21/2015,100750.19
02/13/2017,100729.9
04/09/2018,100723.97
02/19/2020,100676.5
06/14/2017,100636.25
08/31/2015,100625.98
06/11/2012,100621.36
07/27/2022,100614.13
03/06/2017,100589.39
04/21/2020,100586.88
05/09/2022,100579.29
10/21/2013,100546.72
07/09/2014,100542.14
10/09/2018,100538.69
09/29/2015,100519.76
02/22/2021,100437.13
05/21/2014,100426.27
08/17/2015,100400.87
07/02/2021,100399.61
01/07/2015,100394.73
11/24/2020,100392.52
02/04/2019,100388.5
11/16/2023,100383.58
09/02/2022,100377.1
10/30/2018,100359.0
11/07/2017,100329.04
09/15/2015,100292.54
05/19/2022,100282.58
07/03/2020,100246.71
08/29/2018,100235.3
11/10/2016,100186.34
05/28/2024,100184.39
05/13/2020,100154.65
12/20/2022,100145.28
12/11/2017,100137.63
10/16/2020,100068.9
11/18/2020,100049.99
05/11/2016,100019.64
05/30/2023,100005.63
06/07/2017,99941.9
11/13/2013,99925.24
04/10/2019,99923.32
08/09/2023,99917.26
10/09/2017,99899.72
10/04/2012,99866.63
06/05/2020,99832.82
06/04/2024,99832.48
06/15/2017,99815.23
03/21/2016,99814.07
05/08/2017,99787.0
07/14/2015,99627.57
08/26/2022,99531.54
08/04/2021,99521.81
06/24/2021,99475.68
05/03/2012,99472.37
04/24/2023,99457.97
09/06/2023,99450.82
06/08/2015,99402.41
07/25/2016,99387.49
09/30/2013,99385.98
12/02/2022,99367.06
07/06/2020,99357.29
04/27/2016,99354.42
09/09/2015,99316.16
05/27/2015,99256.91
05/11/2023,99225.82
12/02/2014,99157.67
10/26/2022,99145.67
12/28/2023,99107.71
11/27/2018,99095.7
11/10/2015,99091.51
01/03/2020,99064.12
12/03/2012,99044.56
05/23/2013,99043.22
10/13/2020,99037.59
05/02/2023,99031.42
08/25/2023,99022.6
01/05/2022,99016.73
06/24/2015,98975.2
03/17/2022,98951.7
04/02/2013,98943.09
02/20/2019,98939.36
08/19/2015,98935.93
06/14/2016,98925.21
04/10/2013,98908.3
05/06/2013,98897.72
01/20/2021,98893.57
08/20/2018,98860.9
05/31/2018,98854.84
05/24/2012,98830.99
07/18/2018,98768.54
06/29/2021,98741.08
08/07/2012,98735.42
10/28/2013,98732.72
12/30/2022,98727.75
06/08/2017,98716.67
12/01/2022,98714.54
12/31/2018,98694.39
05/18/2020,98687.63
06/12/2012,98683.26
06/23/2015,98680.47
10/11/2012,98648.29
10/29/2018,98643.4
10/10/2022,98587.32
04/10/2017,98566.65
01/03/2023,98543.86
10/18/2021,98533.19
08/14/2018,98532.1
10/15/2012,98529.78
06/07/2018,98474.46
08/19/2020,98464.26
12/28/2022,98455.85
01/09/2017,98392.59
09/15/2014,98371.11
05/26/2022,98369.46
03/08/2021,98361.01
09/14/2017,98357.17
10/11/2017,98356.07
10/17/2017,98343.69
07/31/2012,98334.65
04/26/2023,98296.23
07/17/2023,98280.24
12/11/2023,98266.34
10/28/2014,98262.23
07/30/2014,98240.6
11/14/2016,98235.92
05/25/2016,98211.68
05/12/2023,98205.98
08/08/2018,98203.89
05/17/2016,98202.47
02/10/2016,98201.94
11/18/2014,98183.29
04/04/2018,98160.29
12/06/2019,98159.49
12/03/2019,98142.46
04/05/2012,98086.22
09/03/2021,98080.24
11/27/2017,98071.98
09/28/2020,98051.37
10/19/2022,98045.97
12/20/2016,98036.22
05/22/2018,98026.65
04/25/2013,97998.77
03/04/2019,97985.36
03/14/2024,97971.68
12/11/2013,97953.13
12/29/2022,97932.36
06/10/2020,97928.97
01/21/2015,97916.48
03/25/2021,97911.67
08/31/2020,97896.47
12/24/2021,97887.72
09/30/2015,97873.97
06/08/2020,97867.47
05/17/2022,97851.89
10/27/2015,97848.19
10/05/2020,97846.49
07/15/2013,97832.57
02/28/2024,97801.34
08/21/2017,97787.38
11/17/2022,97770.59
07/31/2013,97731.43
12/17/2021,97710.97
10/17/2016,97703.25
05/10/2021,97657.37
11/05/2021,97647.44
06/19/2017,97632.04
10/19/2020,97620.01
10/07/2022,97619.47
05/21/2019,97611.58
02/07/2018,97604.0
02/04/2020,97575.44
09/23/2015,97572.56
06/08/2016,97552.03
08/27/2021,97533.0
09/01/2015,97495.51
02/25/2019,97494.82
07/24/2017,97481.1
09/19/2018,97474.62
06/26/2014,97421.37
09/01/2023,97398.04
11/26/2012,97397.62
03/06/2018,97346.71
05/05/2015,97326.34
04/04/2022,97299.66
05/31/2016,97261.67
08/14/2013,97259.97
06/18/2012,97221.08
09/25/2020,97184.65
10/19/2017,97152.88
06/11/2018,97123.64
06/04/2014,97117.37
05/29/2012,97113.86
10/13/2021,97090.56
04/30/2014,97061.55
05/15/2012,97059.52
02/25/2020,97036.43
12/02/2021,97014.66
08/07/2013,97003.92
06/12/2018,96980.72
11/27/2012,96948.75
01/25/2024,96942.98
07/15/2020,96923.74
06/01/2020,96919.42
04/04/2024,96917.49
09/08/2016,96917.36
02/10/2015,96909.93
10/23/2013,96856.29
05/27/2022,96835.89
10/05/2023,96812.93
09/04/2020,96801.22
08/21/2020,96798.31
10/04/2021,96796.11
06/21/2023,96792.52
10/02/2020,96777.36
10/20/2021,96771.05
12/29/2015,96754.93
05/28/2013,96753.12
05/12/2015,96748.04
12/13/2019,96741.86
06/29/2017,96739.59
03/06/2024,96726.83
08/10/2021,96721.74
01/20/2014,96719.65
12/13/2023,96715.5
06/05/2018,96691.93
03/25/2022,96650.31
06/03/2019,96620.66
12/20/2023,96616.69
08/23/2023,96595.63
07/16/2014,96559.99
10/30/2023,96550.75
10/09/2019,96534.79
01/25/2023,96500.06
09/12/2012,96493.37
05/08/2013,96485.86
10/20/2014,96461.31
06/02/2022,96451.1
05/10/2018,96407.3
10/29/2019,96383.86
06/05/2012,96360.11
04/04/2019,96315.13
01/13/2021,96312.22
01/12/2021,96308.6
10/05/2016,96304.66
04/16/2021,96295.87
09/11/2023,96271.49
06/08/2022,96252.43
01/22/2014,96243.05
06/06/2012,96224.48
03/16/2022,96221.08
08/30/2012,96218.45
11/03/2022,96193.35
05/31/2012,96191.4
05/14/2013,96181.36
08/16/2023,96159.02
08/07/2017,96152.78
07/01/2021,96095.22
04/04/2013,96092.97
04/26/2019,96081.08
07/26/2018,96059.78
09/03/2019,96043.64
02/27/2024,96009.96
03/27/2023,95995.46
04/20/2015,95974.29
06/01/2017,95968.07
12/09/2019,95963.67
03/05/2019,95932.78
07/01/2013,95931.74
06/23/2022,95918.89
07/02/2019,95908.44
05/29/2018,95882.6
08/24/2022,95878.2
12/15/2016,95877.91
04/21/2014,95876.25
01/28/2015,95817.93
04/03/2018,95804.5
06/23/2023,95795.04
09/30/2014,95780.47
08/15/2018,95777.09
06/13/2023,95753.61
03/27/2020,95723.89
12/20/2021,95712.37
08/06/2018,95693.26
04/20/2023,95689.61
10/18/2012,95684.1
02/08/2017,95660.6
11/29/2023,95616.21
07/10/2012,95614.71
07/12/2019,95575.96
06/09/2015,95575.0
12/14/2016,95562.79
10/11/2019,95517.5
03/05/2018,95495.84
04/20/2022,95484.52
09/09/2023,95452.89
10/01/2018,95452.58
10/04/2017,95445.16
09/21/2020,95428.57
11/28/2016,95412.85
03/09/2020,95396.54
07/08/2013,95389.97
03/30/2015,95382.46
06/28/2019,95374.36
11/07/2016,95351.34
06/14/2023,95319.68
04/19/2021,95312.48
02/12/2014,95297.5
07/31/2018,95281.1
09/27/2017,95277.98
11/11/2021,95269.16
05/10/2019,95251.33
02/15/2016,95233.09
05/08/2019,95228.71
03/23/2020,95221.29
05/17/2021,95211.07
04/10/2018,95182.62
04/07/2023,95174.67
02/25/2015,95171.45
01/19/2022,95142.91
02/19/2024,95137.17
04/27/2020,95073.56
10/10/2017,95061.08
05/25/2023,95048.88
05/20/2013,95044.45
11/20/2018,95039.07
09/13/2016,95032.47
01/27/2016,95016.27
05/22/2023,94985.02
04/17/2019,94954.21
05/18/2016,94951.49
11/12/2021,94943.84
03/05/2014,94940.62
07/09/2018,94938.45
03/16/2020,94931.15
11/26/2019,94927.72
07/22/2013,94885.57
09/07/2016,94881.92
10/11/2018,94876.47
05/22/2020,94868.96
02/06/2019,94843.05
08/10/2020,94834.67
08/04/2023,94816.06
09/07/2021,94796.05
04/05/2022,94780.95
03/11/2021,94780.34
07/15/2019,94779.97
04/23/2018,94777.66
07/19/2023,94776.42
05/06/2022,94764.82
11/04/2022,94764.51
08/09/2017,94740.24
05/13/2013,94722.96
10/23/2020,94692.42
04/05/2018,94662.74
02/18/2019,94642.8
02/01/2021,94611.08
05/20/2024,94609.63
04/17/2017,94597.74
05/26/2020,94588.6
06/22/2021,94571.41
10/27/2016,94549.97
11/13/2020,94544.66
04/17/2012,94539.97
10/02/2023,94536.21
09/05/2023,94516.27
05/15/2017,94446.23
12/30/2021,94445.0
07/20/2022,94424.99
08/07/2023,94422.97
12/19/2017,94411.63
01/18/2021,94395.14
09/07/2017,94349.71
10/14/2014,94342.32
06/12/2020,94341.68
12/14/2017,94333.99
07/31/2017,94328.07
03/07/2023,94325.9
06/15/2020,94319.35
06/07/2021,94315.21
11/16/2020,94303.65
08/22/2022,94300.02
10/06/2023,94285.18
09/25/2019,94278.51
10/22/2019,94278.31
06/04/2019,94269.41
05/26/2023,94259.36
08/24/2020,94232.38
07/25/2018,94204.58
08/03/2016,94132.39
12/27/2014,94120.2
05/24/2017,94114.67
12/03/2015,94110.29
05/30/2019,94100.36
07/28/2021,94080.44
05/07/2012,94065.5
07/20/2015,94029.05
12/11/2019,93998.05
12/05/2016,93985.33
06/05/2023,93957.15
03/12/2021,93900.82
10/18/2017,93855.19
10/07/2019,93850.22
04/22/2020,93810.41
06/26/2024,93798.97
11/04/2013,93796.37
05/16/2013,93786.0
04/08/2022,93785.09
03/23/2021,93761.96
04/25/2018,93750.81
06/06/2017,93746.01
11/24/2023,93740.21
11/04/2015,93735.36
09/22/2014,93712.97
08/08/2016,93684.55
08/02/2017,93666.99
12/13/2012,93664.89
07/19/2017,93662.79
04/03/2019,93651.87
02/02/2022,93633.64
05/11/2020,93622.53
08/03/2023,93618.29
12/03/2021,93568.39
11/22/2022,93564.08
02/27/2017,93561.64
08/29/2013,93530.8
10/20/2016,93530.59
12/07/2020,93518.95
04/01/2022,93518.57
05/17/2023,93516.63
09/17/2018,93451.49
04/13/2021,93427.5
10/27/2021,93418.19
05/13/2022,93413.06
04/10/2012,93399.26
12/08/2016,93390.06
03/30/2021,93381.74
06/10/2015,93373.06
07/22/2020,93370.11
08/10/2016,93362.82
05/20/2020,93345.88
04/05/2016,93318.17
04/25/2017,93310.81
08/30/2023,93309.65
11/11/2015,93306.29
08/13/2018,93296.41
07/10/2019,93296.16
04/30/2012,93282.28
10/14/2021,93267.15
04/28/2022,93254.3
05/13/2024,93253.99
03/17/2021,93224.53
11/08/2018,93212.98
04/15/2021,93208.04
04/22/2013,93206.38
05/01/2012,93186.94
03/14/2016,93182.49
11/11/2022,93162.42
01/27/2021,93141.52
07/12/2023,93134.92
05/16/2022,93124.67
01/09/2023,93106.53
03/28/2016,93093.47
06/05/2019,93076.68
07/13/2022,93027.51
09/01/2016,93021.14
04/27/2022,92985.65
11/06/2019,92978.69
12/04/2019,92969.97
04/09/2021,92966.29
05/06/2019,92945.59
06/04/2013,92896.38
05/14/2015,92872.29
06/12/2019,92863.98
08/10/2015,92819.6
04/10/2023,92806.86
05/14/2021,92784.9
05/18/2017,92752.41
04/19/2016,92743.34
07/23/2018,92737.84
04/06/2017,92732.7
11/15/2022,92731.38
12/21/2017,92717.08
02/07/2022,92694.93
03/29/2023,92675.74
01/26/2016,92664.25
10/21/2020,92658.7
09/22/2022,92647.24
03/13/2019,92632.31
07/08/2015,92630.37
02/02/2021,92617.81
06/02/2015,92605.15
12/18/2015,92598.62
05/31/2013,92595.61
07/13/2020,92589.7
05/01/2017,92588.71
03/05/2024,92580.14
12/24/2020,92575.75
03/19/2021,92575.22
06/30/2022,92552.15
12/18/2023,92542.0
05/08/2012,92501.17
09/09/2022,92494.84
07/24/2020,92493.65
07/16/2012,92489.87
03/09/2016,92471.0
03/02/2015,92465.8
05/23/2014,92464.06
05/10/2022,92460.04
07/27/2020,92449.75
05/15/2023,92440.9
04/21/2022,92434.02
02/07/2017,92414.34
05/14/2014,92382.79
08/31/2017,92381.99
02/20/2017,92379.18
11/02/2016,92379.12
11/03/2014,92377.49
07/07/2022,92369.92
11/08/2023,92364.63
10/10/2012,92345.4
02/26/2018,92326.55
03/22/2023,92290.74
01/13/2015,92274.7
05/21/2018,92272.69
07/01/2014,92226.36
05/20/2019,92179.79
12/19/2013,92162.26
08/09/2018,92156.98
06/24/2024,92156.56
11/20/2013,92133.11
06/26/2013,92112.78
02/12/2020,92111.59
08/05/2021,92102.95
04/26/2021,92090.7
08/21/2013,92081.32
05/09/2023,92080.28
04/11/2022,92076.34
07/17/2012,92056.85
05/02/2019,92031.32
07/24/2023,92010.78
04/19/2022,91989.27
09/08/2015,91961.18
03/04/2020,91952.1
11/05/2019,91941.19
10/26/2016,91934.3
02/13/2023,91898.54
06/11/2019,91891.31
07/02/2012,91888.68
06/06/2022,91880.58
10/09/2020,91857.7
03/11/2019,91824.24
03/26/2024,91802.5
05/29/2024,91772.68
06/20/2022,91760.48
12/30/2013,91715.39
02/18/2021,91668.67
09/24/2018,91650.04
04/11/2013,91642.84
05/17/2012,91625.09
05/17/2017,91614.49
06/30/2023,91573.55
02/13/2019,91571.91
09/12/2018,91569.03
06/09/2022,91560.62
05/03/2019,91542.1
01/26/2021,91530.82
02/22/2024,91527.94
07/25/2022,91525.52
11/01/2017,91513.46
10/03/2016,91489.85
11/02/2022,91487.01
11/10/2020,91483.55
04/03/2024,91473.14
11/11/2013,91471.85
02/01/2022,91466.11
06/12/2024,91440.54
12/29/2016,91435.55
04/03/2017,91433.31
10/25/2018,91421.74
02/17/2021,91421.07
03/04/2015,91407.24
06/27/2017,91400.32
09/10/2019,91381.01
03/14/2013,91369.15
03/11/2020,91367.21
11/03/2021,91354.6
04/13/2015,91327.17
05/04/2017,91324.59
04/17/2023,91316.74
07/28/2022,91301.72
06/10/2022,91269.76
04/09/2024,91257.31
10/12/2020,91252.94
03/12/2019,91207.78
06/30/2015,91196.78
03/17/2020,91195.28
03/12/2014,91195.08
04/22/2021,91180.02
04/11/2024,91143.99
05/31/2017,91141.62
03/08/2018,91132.64
11/13/2018,91130.4
05/24/2019,91121.72
02/08/2023,91069.15
10/31/2018,91038.65
04/12/2023,91021.38
05/09/2013,90958.16
07/14/2022,90949.58
12/28/2016,90922.81
12/21/2020,90922.65
03/13/2023,90915.24
06/18/2014,90907.15
05/14/2024,90903.83
04/13/2016,90903.16
07/16/2018,90894.5
04/24/2012,90872.05
07/19/2012,90867.54
06/10/2013,90847.12
03/14/2019,90846.32
03/12/2013,90827.11
02/08/2021,90787.55
10/09/2013,90786.89
02/13/2013,90784.73
09/30/2020,90777.06
08/26/2021,90761.52
09/16/2020,90760.85
03/15/2012,90719.61
02/16/2015,90712.88
04/16/2013,90704.74
04/26/2018,90682.08
03/19/2018,90677.95
04/16/2024,90661.76
03/03/2020,90634.78
07/21/2022,90630.77
10/25/2021,90604.86
07/31/2020,90599.4
10/19/2016,90577.57
06/18/2019,90573.48
10/01/2012,90546.8
05/08/2024,90537.11
05/20/2021,90530.78
07/05/2017,90528.58
12/28/2012,90515.7
02/27/2019,90513.5
09/21/2022,90505.78
02/29/2016,90503.31
02/26/2013,90498.4
05/01/2024,90491.85
03/18/2021,90490.26
12/04/2014,90468.22
04/27/2021,90431.62
06/12/2023,90417.21
04/04/2023,90415.76
02/17/2014,90401.32
05/30/2024,90390.04
08/06/2021,90369.43
10/30/2020,90359.26
02/08/2018,90356.23
02/08/2022,90332.49
09/24/2014,90288.56
10/19/2023,90285.41
09/16/2013,90268.43
06/26/2015,90253.6
04/29/2021,90227.06
05/06/2014,90218.05
10/23/2012,90218.03
11/17/2015,90210.93
04/01/2015,90208.91
08/05/2015,90175.02
07/19/2022,90157.32
01/16/2023,90152.86
03/31/2023,90132.09
03/26/2021,90129.39
10/30/2013,90123.33
07/05/2016,90113.58
02/01/2017,90090.21
07/03/2012,90014.1
07/03/2017,90014.03
07/19/2018,89975.89
09/23/2013,89913.38
05/01/2023,89908.54
06/20/2018,89884.28
05/21/2012,89836.71
03/12/2024,89820.32
06/27/2019,89814.15
02/17/2022,89788.46
05/02/2013,89786.45
02/03/2020,89783.99
09/29/2022,89754.15
04/01/2013,89740.33
12/01/2021,89708.71
09/18/2023,89700.18
04/06/2020,89656.71
10/22/2021,89648.7
04/01/2021,89647.3
03/12/2018,89646.96
07/17/2020,89627.03
08/16/2017,89611.91
06/21/2017,89575.97
12/23/2021,89562.86
10/24/2016,89556.17
09/12/2022,89552.67
05/11/2022,89543.95
10/14/2022,89542.02
02/26/2014,89536.54
06/07/2012,89500.33
09/05/2017,89499.08
02/05/2013,89495.63
06/17/2021,89489.13
01/09/2018,89432.5
08/13/2012,89425.55
04/29/2022,89398.73
11/29/2017,89397.73
02/03/2023,89380.75
02/21/2024,89347.25
02/22/2022,89329.45
08/04/2015,89316.9
11/14/2017,89311.74
04/08/2019,89305.36
07/30/2012,89283.87
08/29/2019,89279.55
08/11/2015,89249.98
07/27/2016,89227.38
11/27/2023,89204.02
05/13/2015,89194.32
04/12/2012,89192.78
08/03/2020,89188.27
06/03/2020,89168.94
03/10/2020,89155.01
07/23/2021,89131.82
04/27/2017,89131.57
09/03/2015,89130.75
08/14/2020,89126.15
05/10/2012,89122.39
06/11/2013,89122.37
02/11/2021,89112.2
07/12/2018,89111.86
04/02/2018,89097.63
04/24/2018,89088.2
08/21/2012,89077.77
01/13/2014,89072.45
11/02/2020,89063.2
11/23/2022,89053.01
10/02/2014,89045.89
05/19/2023,89040.77
08/17/2021,89030.54
07/10/2023,89015.75
04/11/2019,89012.61
05/13/2019,88985.48
02/22/2018,88980.96
04/20/2021,88961.69
05/03/2021,88944.83
04/01/2019,88914.06
06/25/2020,88894.43
11/08/2021,88890.15
03/13/2024,88884.68
09/20/2017,88883.6
02/28/2019,88879.75
08/14/2012,88874.8
08/17/2022,88861.23
07/05/2018,88842.76
07/12/2016,88813.35
03/03/2015,88809.34
10/03/2012,88784.95
06/18/2018,88759.05
04/05/2017,88751.76
02/06/2012,88742.93
11/15/2012,88722.97
05/17/2018,88721.51
01/07/2019,88689.05
04/13/2017,88686.16
04/24/2017,88683.54
03/07/2018,88682.17
05/16/2023,88680.6
09/29/2023,88673.24
12/01/2020,88642.5
02/05/2015,88640.17
03/10/2023,88624.09
01/30/2023,88577.34
06/01/2016,88576.87
07/15/2015,88556.7
02/09/2016,88538.77
10/03/2019,88510.7
06/24/2014,88496.45
11/13/2017,88483.23
02/23/2021,88475.56
04/05/2021,88474.99
01/12/2023,88466.6
08/13/2014,88462.58
10/02/2019,88445.17
07/09/2012,88439.29
06/19/2019,88434.2
01/02/2024,88427.55
07/23/2014,88407.22
10/25/2012,88405.01
10/22/2012,88385.32
03/01/2017,88375.5
07/23/2012,88374.95
10/08/2020,88363.4
08/30/2021,88356.28
04/18/2012,88330.86
11/09/2020,88318.53
03/22/2016,88310.18
09/23/2022,88305.12
10/18/2019,88297.77
02/24/2015,88285.81
07/17/2018,88221.99
07/20/2020,88220.73
06/03/2015,88220.57
01/04/2019,88216.98
04/29/2024,88211.68
08/18/2014,88196.27
04/28/2023,88178.84
03/31/2020,88167.96
06/25/2015,88166.19
09/25/2018,88162.72
03/27/2017,88159.92
09/26/2022,88149.85
06/01/2021,88137.54
08/02/2012,88128.03
11/20/2015,88118.0
04/07/2015,88104.88
07/24/2013,88096.75
07/14/2023,88083.24
09/13/2021,88071.49
07/26/2017,88065.07
10/28/2019,88022.23
09/25/2017,87999.97
11/11/2020,87987.76
04/16/2012,87975.74
06/20/2024,87969.61
04/18/2022,87946.59
02/03/2015,87938.73
08/06/2012,87932.45
06/09/2023,87930.8
09/26/2018,87914.28
02/05/2019,87911.04
09/17/2019,87881.37
05/13/2021,87808.52
09/14/2022,87806.93
08/26/2014,87791.41
06/03/2024,87773.82
03/24/2023,87772.74
01/08/2024,87761.41
12/10/2015,87756.42
05/20/2022,87736.57
08/18/2021,87710.71
11/24/2014,87710.4
10/25/2023,87700.42
04/15/2024,87688.03
11/23/2020,87670.68
08/20/2020,87659.6
03/29/2024,87647.82
04/11/2017,87640.73
11/09/2016,87624.52
10/29/2012,87613.86
11/09/2017,87612.11
02/27/2023,87602.6
08/23/2017,87599.39
02/26/2021,87598.56
04/18/2013,87596.87
11/03/2015,87580.75
12/17/2015,87579.65
06/14/2012,87574.1
10/21/2019,87553.79
10/26/2021,87544.07
11/02/2021,87536.77
10/17/2019,87508.32
07/17/2019,87502.91
08/22/2018,87472.44
02/03/2022,87394.93
11/06/2017,87379.25
12/26/2012,87359.0
06/13/2017,87356.36
02/24/2021,87345.19
08/23/2019,87328.82
10/17/2022,87286.1
02/20/2012,87284.04
03/06/2012,87217.21
10/30/2012,87214.67
04/16/2018,87214.09
04/22/2015,87203.36
08/16/2018,87195.86
05/03/2022,87180.99
04/08/2015,87178.86
01/06/2015,87166.66
04/05/2024,87145.22
06/06/2013,87139.35
03/15/2021,87129.71
11/15/2023,87110.97
08/07/2019,87110.51
02/28/2018,87103.14
08/29/2022,87099.9
03/21/2022,87089.1
01/07/2020,87088.17
07/12/2022,87082.69
10/27/2022,87066.87
12/29/2021,87064.53
06/10/2014,87058.29
04/02/2019,87047.37
07/21/2023,87025.2
08/29/2012,87008.67
02/07/2013,87001.28
06/17/2022,86994.63
08/29/2017,86964.98
03/01/2024,86958.01
02/24/2016,86942.56
02/16/2017,86941.25
10/04/2019,86918.03
10/30/2014,86915.92
11/08/2019,86910.8
03/31/2015,86908.62
08/22/2016,86899.41
02/18/2015,86898.73
09/27/2023,86896.84
12/31/2020,86891.85
10/17/2023,86880.42
04/09/2019,86875.62
06/30/2016,86780.19
05/22/2013,86778.39
04/18/2018,86778.12
04/02/2012,86743.7
02/07/2012,86734.62
11/08/2022,86710.26
11/28/2017,86707.7
08/18/2015,86705.85
10/13/2016,86666.03
01/04/2023,86656.28
02/04/2013,86638.38
11/04/2019,86635.74
04/25/2022,86612.72
08/17/2020,86585.81
09/02/2021,86581.27
09/14/2016,86575.05
07/06/2021,86573.23
12/12/2013,86560.36
10/10/2013,86549.38
02/06/2014,86544.48
04/11/2012,86536.2
05/23/2019,86511.44
03/16/2021,86501.53
02/25/2013,86498.36
03/07/2013,86476.79
04/02/2024,86469.94
02/02/2012,86453.73
07/28/2023,86445.86
03/20/2017,86412.12
02/23/2016,86405.72
05/24/2018,86370.07
03/11/2022,86365.99
08/13/2013,86361.57
05/08/2023,86354.46
04/20/2020,86353.7
02/21/2019,86347.87
03/09/2017,86329.25
10/27/2023,86328.05
11/01/2023,86322.46
09/19/2016,86319.45
02/24/2023,86313.89
07/28/2016,86311.56
03/26/2018,86303.49
01/05/2021,86298.81
12/17/2020,86283.27
04/30/2024,86238.17
10/24/2022,86228.64
03/09/2021,86220.17
06/21/2019,86195.52
05/23/2012,86171.18
03/23/2022,86166.85
04/28/2016,86162.77
04/15/2015,86148.67
09/13/2018,86138.86
06/15/2023,86133.69
05/28/2021,86104.2
03/29/2018,86081.36
03/27/2024,86072.0
02/21/2012,86069.08
03/09/2023,86065.79
04/29/2019,86049.11
07/22/2021,86041.28
01/31/2024,86041.12
09/06/2019,86039.85
01/10/2024,86035.79
01/04/2021,86025.6
06/08/2021,86023.16
03/18/2019,86019.8
03/28/2019,85996.46
02/05/2021,85996.15
12/14/2022,85968.94
03/05/2013,85967.53
01/22/2024,85942.33
03/24/2014,85928.68
05/10/2023,85928.12
09/14/2021,85889.25
08/15/2016,85878.58
08/15/2017,85863.2
01/11/2021,85778.62
10/08/2021,85736.35
04/23/2024,85712.95
07/11/2013,85712.77
01/18/2023,85687.7
03/28/2018,85681.67
10/21/2014,85673.42
08/27/2012,85667.12
04/15/2013,85655.53
05/25/2017,85633.93
02/14/2013,85601.18
07/24/2019,85573.78
07/08/2014,85555.9
12/22/2022,85552.07
02/15/2021,85544.72
02/26/2024,85514.03
10/21/2021,85509.31
10/01/2013,85480.81
04/14/2015,85477.41
07/22/2015,85461.08
01/05/2023,85458.45
07/21/2015,85454.84
12/05/2013,85431.33
01/06/2021,85419.86
08/21/2018,85412.51
12/04/2012,85396.97
09/24/2020,85394.51
11/12/2012,85372.17
08/21/2023,85360.35
09/15/2022,85345.87
08/11/2022,85307.25
02/12/2019,85305.4
11/17/2023,85294.82
10/15/2021,85287.13
11/29/2012,85284.67
03/04/2013,85259.56
07/01/2022,85240.58
03/12/2012,85235.26
08/23/2022,85192.71
05/16/2017,85178.89
09/18/2012,85173.23
08/14/2023,85144.09
12/15/2023,85130.35
08/06/2013,85094.0
12/11/2014,85073.21
09/16/2022,85058.22
01/18/2017,85032.69
04/06/2021,85030.68
11/19/2015,85010.21
04/10/2024,85004.64
09/09/2019,84985.77
02/19/2014,84983.31
07/16/2019,84981.28
03/02/2023,84963.94
02/04/2021,84956.96
04/20/2016,84956.6
03/07/2017,84947.51
03/01/2023,84945.07
03/18/2013,84944.66
02/14/2019,84940.62
10/21/2022,84929.48
07/08/2019,84926.74
10/12/2016,84925.63
09/13/2012,84922.37
09/22/2015,84876.25
05/14/2012,84860.79
03/13/2012,84854.41
01/22/2019,84831.05
02/26/2020,84802.87
12/06/2016,84792.8
11/08/2012,84785.59
09/11/2019,84780.91
03/11/2013,84780.19
11/30/2022,84760.39
04/23/2019,84745.16
06/21/2018,84743.62
04/12/2016,84739.08
04/09/2012,84727.82
09/20/2022,84724.02
07/09/2021,84713.41
09/18/2013,84693.29
01/24/2018,84675.7
06/22/2023,84667.19
04/26/2022,84667.04
02/15/2023,84658.83
06/04/2021,84643.11
10/16/2018,84604.66
04/12/2021,84592.34
07/16/2013,84589.06
03/21/2012,84576.55
04/23/2014,84558.5
03/26/2013,84556.92
08/11/2016,84548.76
05/04/2022,84521.99
04/19/2012,84509.98
09/16/2015,84500.86
05/29/2014,84490.11
03/20/2012,84467.56
02/24/2020,84462.45
04/27/2023,84460.75
09/12/2016,84451.96
02/11/2020,84445.84
01/22/2020,84441.41
03/25/2013,84429.35
01/27/2022,84390.72
07/27/2021,84369.49
02/22/2017,84367.67
06/04/2020,84365.71
09/04/2019,84355.94
06/10/2019,84324.75
07/24/2012,84274.84
09/26/2019,84266.8
06/03/2013,84254.21
03/05/2012,84239.68
07/13/2016,84232.5
03/18/2022,84214.4
06/11/2024,84209.26
06/13/2022,84190.48
04/14/2023,84151.68
01/11/2016,84143.07
08/04/2016,84125.69
04/13/2022,84110.69
11/06/2012,84099.02
10/15/2013,84061.27
11/06/2023,84053.86
12/26/2013,84045.05
03/02/2020,84034.26
08/30/2019,84026.97
02/23/2012,83995.95
02/21/2018,83981.66
09/22/2023,83978.7
07/06/2016,83977.41
02/12/2013,83976.2
10/31/2022,83969.68
02/01/2023,83962.31
08/01/2019,83961.39
01/12/2015,83959.71
03/31/2022,83928.86
12/16/2014,83925.3
07/22/2022,83886.71
08/21/2019,83874.57
03/04/2024,83872.73
04/08/2014,83841.12
12/12/2023,83829.21
04/19/2017,83826.48
12/28/2020,83786.22
03/27/2018,83767.93
12/27/2021,83767.01
09/24/2021,83754.25
03/11/2015,83733.46
12/23/2015,83732.29
07/26/2021,83664.09
07/18/2012,83656.38
06/19/2023,83648.28
02/27/2018,83647.06
04/16/2014,83645.54
08/16/2012,83589.48
06/06/2019,83587.38
11/30/2020,83554.38
07/11/2023,83524.97
03/14/2022,83523.58
03/25/2019,83518.76
06/19/2018,83517.14
08/30/2018,83511.46
07/08/2022,83510.8
01/15/2014,83496.44
10/25/2019,83491.45
03/08/2012,83482.48
09/11/2013,83463.42
01/15/2018,83455.84
10/31/2013,83445.18
07/27/2023,83433.2
10/16/2017,83424.11
05/26/2016,83420.97
03/15/2022,83397.79
06/21/2012,83393.43
03/15/2017,83374.69
09/27/2019,83349.88
05/27/2016,83334.89
07/03/2019,83319.2
07/10/2020,83314.57
10/26/2017,83285.84
09/25/2013,83273.17
03/06/2020,83259.46
01/31/2018,83234.06
09/04/2013,83232.04
10/28/2022,83231.53
10/29/2015,83219.8
07/05/2022,83216.54
09/25/2012,83213.33
09/04/2014,83204.7
04/04/2012,83197.85
04/17/2018,83176.76
02/15/2017,83125.15
08/03/2017,83122.7
11/13/2012,83082.72
07/31/2023,83075.82
02/27/2012,83006.43
12/17/2013,82983.72
10/26/2023,82966.42
03/04/2021,82961.43
12/19/2014,82948.22
08/11/2023,82941.43
04/17/2014,82929.23
03/10/2015,82925.41
03/13/2020,82914.85
02/12/2024,82907.88
06/18/2021,82905.08
08/09/2012,82890.55
04/23/2013,82882.86
07/20/2017,82877.7
05/21/2015,82868.93
12/14/2023,82850.04
03/28/2023,82817.65
01/27/2023,82817.47
12/31/2012,82812.06
07/11/2022,82790.02
11/28/2022,82767.63
05/09/2024,82766.45
10/24/2019,82760.75
06/07/2019,82753.0
12/06/2012,82738.73
08/11/2020,82732.1
08/12/2019,82719.51
01/05/2016,82715.09
02/07/2020,82697.77
11/08/2016,82688.77
03/14/2018,82673.25
05/16/2012,82669.5
09/23/2021,82664.95
05/11/2021,82650.06
08/07/2014,82639.62
03/23/2023,82615.92
08/13/2019,82601.96
07/24/2018,82554.42
02/16/2023,82540.1
09/28/2023,82536.87
12/13/2016,82526.61
02/16/2012,82414.66
06/16/2023,82406.08
08/05/2019,82402.23
03/23/2016,82334.25
01/28/2014,82254.98
01/17/2024,82234.65
05/24/2021,82216.63
06/18/2013,82202.07
07/14/2016,82200.24
08/20/2012,82195.27
12/03/2013,82176.25
04/25/2019,82163.45
03/19/2014,82150.58
03/22/2021,82134.8
10/15/2020,82122.55
08/18/2023,82109.5
01/07/2013,82098.79
06/13/2019,82066.48
11/23/2015,82055.83
01/29/2013,82052.54
11/21/2017,82038.14
03/08/2017,82026.41
05/08/2014,82026.1
12/29/2023,82012.21
03/16/2017,81981.95
01/10/2019,81972.87
12/18/2014,81953.92
09/26/2016,81926.86
04/10/2014,81926.08
02/17/2015,81925.78
07/13/2017,81894.44
06/19/2024,81868.13
10/01/2021,81865.5
01/03/2022,81826.78
11/18/2019,81825.77
04/26/2012,81804.94
12/20/2013,81790.0
12/23/2020,81788.81
03/08/2016,81739.9
12/30/2014,81729.48
02/14/2017,81726.2
10/01/2019,81718.07
04/22/2022,81707.2
06/15/2016,81696.44
01/22/2021,81685.83
02/13/2014,81643.02
03/21/2018,81623.68
09/04/2015,81610.27
07/02/2020,81596.87
07/13/2021,81587.41
06/06/2024,81564.8
02/13/2018,81546.65
12/30/2019,81540.92
09/30/2019,81536.85
01/28/2021,81536.31
08/08/2023,81531.48
03/15/2023,81509.65
11/12/2019,81497.67
06/13/2013,81497.31
12/19/2019,81488.35
11/03/2016,81482.89
03/29/2022,81482.13
07/04/2013,81481.25
07/30/2020,81468.07
09/02/2014,81441.48
01/21/2021,81402.68
06/21/2022,81394.72
10/08/2015,81380.56
07/18/2017,81358.6
03/22/2022,81353.88
09/17/2012,81341.56
02/25/2016,81332.61
02/18/2013,81323.22
08/19/2019,81293.36
03/19/2024,81268.62
11/15/2021,81252.83
04/12/2022,81249.84
06/23/2021,81197.99
04/03/2014,81189.95
04/23/2021,81178.14
02/27/2013,81161.19
01/06/2016,81148.36
08/22/2012,81132.17
08/19/2022,81128.85
05/21/2024,81126.75
01/11/2023,81117.97
08/15/2023,81111.87
11/06/2013,81094.94
09/23/2014,81090.77
04/22/2019,81063.48
05/20/2014,81043.18
03/23/2015,81001.63
02/17/2023,80970.37
10/23/2023,80951.84
07/30/2015,80951.78
09/18/2018,80915.38
02/18/2020,80892.94
08/24/2023,80880.39
10/18/2023,80806.67
02/09/2012,80787.17
02/28/2012,80754.36
10/23/2019,80716.22
03/01/2016,80689.17
11/27/2019,80676.1
09/20/2018,80653.55
02/10/2020,80622.09
10/31/2023,80611.06
01/31/2012,80594.6
02/02/2017,80593.11
06/05/2013,80592.11
12/02/2020,80571.32
01/13/2023,80564.74
01/20/2016,80555.43
12/21/2012,80515.03
04/26/2017,80497.73
10/15/2015,80445.14
02/14/2018,80439.78
03/29/2021,80413.04
11/30/2016,80406.11
12/30/2015,80393.53
08/23/2012,80379.36
10/18/2022,80343.76
09/28/2022,80316.9
01/28/2013,80287.37
02/28/2013,80269.1
10/10/2019,80257.41
07/06/2017,80246.08
05/22/2015,80240.93
12/31/2019,80235.06
01/24/2012,80206.21
09/15/2023,80200.42
09/13/2022,80152.51
01/24/2020,80149.53
02/01/2024,80144.84
11/01/2022,80131.14
03/30/2023,80129.23
09/16/2019,80128.38
03/27/2012,80124.61
05/23/2017,80095.33
09/05/2012,80088.71
07/02/2014,80077.34
03/21/2024,80066.41
09/16/2016,80060.19
01/14/2021,80049.65
05/02/2012,80031.06
11/22/2016,79979.62
09/20/2023,79975.91
01/08/2021,79974.08
11/11/2019,79973.66
08/17/2023,79972.42
04/15/2020,79952.63
10/20/2022,79950.36
02/15/2012,79928.85
02/21/2020,79881.6
03/24/2022,79871.13
09/03/2020,79858.84
11/20/2023,79843.14
08/22/2023,79824.44
09/26/2012,79822.92
08/25/2022,79815.77
05/30/2012,79813.19
02/23/2017,79770.83
03/20/2023,79756.71
02/05/2020,79753.78
03/28/2022,79749.76
06/13/2024,79710.97
08/24/2016,79674.81
07/05/2023,79670.62
02/21/2013,79663.2
02/19/2019,79661.82
02/28/2020,79639.95
11/04/2014,79586.76
06/12/2013,79583.57
02/04/2016,79580.92
04/30/2021,79569.05
06/20/2023,79555.61
11/01/2019,79532.87
04/30/2019,79532.08
11/07/2012,79530.02
03/27/2019,79509.69
08/10/2017,79463.62
02/13/2012,79450.93
02/20/2023,79450.41
06/22/2022,79418.33
02/18/2022,79410.9
01/10/2022,79327.66
05/02/2017,79296.04
01/17/2023,79287.84
01/24/2013,79274.69
12/05/2019,79261.09
02/08/2012,79256.89
10/23/2014,79255.02
04/18/2023,79254.89
03/20/2019,79251.73
03/19/2013,79213.12
02/10/2023,79210.93
07/11/2017,79205.9
07/22/2019,79186.51
05/05/2016,79168.6
11/07/2014,79155.6
06/14/2022,79155.16
05/12/2016,79143.82
07/18/2023,79113.14
06/30/2014,79104.78
07/19/2021,79098.63
12/23/2013,79098.59
02/19/2021,79065.6
08/17/2017,79046.93
08/05/2014,79027.13
11/17/2012,79011.3
05/12/2022,79003.59
03/01/2021,78979.07
03/01/2012,78962.99
04/19/2018,78922.91
02/20/2024,78896.87
11/30/2023,78878.43
11/14/2012,78836.58
04/19/2019,78797.49
07/29/2021,78763.94
02/21/2022,78751.31
03/30/2016,78726.92
01/25/2017,78703.5
07/06/2012,78668.21
02/15/2022,78656.67
02/22/2023,78650.03
03/02/2017,78623.69
08/06/2019,78606.84
01/19/2021,78603.21
01/12/2016,78595.25
10/29/2020,78553.01
01/21/2022,78544.19
03/19/2012,78539.95
04/02/2021,78524.19
03/13/2018,78521.31
07/25/2023,78514.81
01/23/2017,78464.62
02/14/2012,78462.01
04/29/2014,78450.72
07/05/2012,78405.25
02/15/2018,78344.89
07/12/2012,78341.03
01/26/2022,78330.46
07/03/2018,78302.98
05/09/2012,78246.34
08/12/2015,78245.91
06/17/2014,78231.07
01/28/2016,78220.32
07/09/2019,78210.74
11/14/2019,78206.08
01/30/2017,78180.6
07/20/2016,78177.57
10/18/2016,78126.44
03/28/2013,78115.79
08/08/2013,78103.25
01/14/2013,78102.88
06/23/2016,78094.46
07/15/2014,78094.42
09/12/2023,78086.09
01/15/2024,78065.08
06/02/2016,78063.69
07/19/2019,78050.54
02/19/2013,78033.49
04/15/2022,78023.48
07/21/2016,78004.45
09/13/2019,77985.82
01/29/2018,77957.53
09/30/2022,77922.04
04/07/2016,77896.59
01/22/2013,77894.13
01/06/2022,77885.17
08/20/2021,77872.07
08/27/2020,77818.05
10/04/2016,77805.29
01/03/2018,77756.8
10/16/2023,77731.74
07/26/2022,77722.79
03/22/2018,77720.08
05/01/2019,77709.97
03/18/2024,77647.69
08/24/2017,77626.61
07/04/2017,77610.63
02/11/2022,77590.1
05/09/2019,77573.03
03/01/2018,77537.06
05/09/2017,77503.25
04/23/2012,77495.13
09/16/2014,77488.21
01/03/2013,77445.33
11/21/2013,77444.59
01/30/2012,77433.45
05/14/2020,77406.08
11/19/2020,77370.79
05/15/2024,77360.64
02/09/2022,77360.25
07/25/2017,77346.56
04/01/2024,77339.12
03/21/2013,77294.81
12/10/2020,77290.78
02/14/2023,77287.18
06/17/2019,77272.01
04/24/2014,77264.7
07/01/2015,77245.31
02/22/2012,77238.84
07/25/2012,77228.43
07/18/2022,77228.29
04/18/2019,77220.9
03/22/2012,77216.91
08/17/2016,77215.26
01/31/2013,77155.78
11/29/2019,77145.96
09/21/2016,77140.8
02/11/2013,77119.62
04/30/2015,77113.01
09/27/2018,77099.54
05/15/2013,77086.92
11/15/2016,77084.68
01/29/2021,77080.26
07/30/2013,77054.16
09/20/2012,77027.36
09/14/2023,77009.73
03/16/2016,77005.68
11/23/2019,76978.79
09/21/2017,76949.2
02/01/2018,76942.22
06/15/2013,76932.02
06/03/2023,76931.37
01/08/2013,76866.52
08/15/2012,76832.29
09/17/2021,76816.15
08/28/2014,76812.46
09/03/2016,76774.1
04/13/2023,76770.64
08/20/2019,76765.19
07/20/2023,76757.89
07/09/2015,76698.16
05/10/2024,76697.22
03/17/2016,76640.14
07/15/2021,76630.82
08/06/2015,76626.63
09/23/2019,76622.42
11/29/2016,76607.76
01/02/2020,76604.79
09/20/2019,76584.26
01/19/2012,76541.93
12/21/2023,76538.74
05/22/2014,76498.41
12/31/2021,76442.65
01/23/2023,76411.28
09/18/2019,76368.81
05/30/2013,76353.84
09/27/2022,76352.97
01/28/2020,76328.27
01/19/2016,76314.07
12/26/2023,76312.78
08/25/2016,76307.44
03/26/2012,76306.61
08/23/2018,76285.81
01/26/2012,76280.93
02/12/2021,76242.91
08/08/2012,76225.63
12/10/2013,76188.39
01/26/2023,76176.72
01/09/2024,76158.21
03/15/2016,76135.32
10/29/2021,76129.54
04/11/2023,76114.22
02/17/2020,76113.01
01/30/2014,76108.77
03/26/2014,76068.02
11/12/2015,76041.57
07/23/2019,76020.24
05/19/2016,76009.24
05/07/2020,76006.47
11/28/2012,76001.67
06/26/2023,75944.55
07/15/2022,75944.05
09/17/2020,75929.54
01/16/2019,75919.46
08/27/2013,75913.72
08/18/2016,75906.01
07/10/2014,75879.39
11/05/2012,75866.34
03/25/2015,75853.69
09/26/2017,75806.62
01/15/2021,75797.93
03/02/2016,75773.84
11/13/2014,75749.34
01/20/2023,75684.77
04/22/2024,75676.89
04/21/2015,75655.62
10/09/2014,75641.5
08/22/2013,75616.04
01/13/2016,75584.31
06/12/2014,75583.51
03/29/2012,75581.96
05/16/2019,75573.31
06/18/2015,75544.76
08/10/2023,75512.1
10/24/2013,75500.13
05/28/2015,75492.88
05/13/2014,75476.38
01/21/2013,75467.63
10/31/2019,75431.29
03/17/2023,75424.37
04/14/2021,75379.25
03/23/2017,75372.77
07/03/2013,75370.4
04/21/2023,75366.74
07/18/2013,75340.78
05/01/2014,75311.72
08/16/2019,75307.19
02/02/2023,75274.83
10/25/2016,75268.68
02/19/2018,75267.19
01/27/2020,75237.38
08/27/2015,75233.26
08/12/2021,75227.46
03/22/2017,75209.09
02/06/2013,75158.07
11/16/2019,75153.72
01/11/2022,75096.75
03/06/2014,75091.14
03/13/2013,75089.44
09/24/2012,75078.75
08/06/2020,75031.1
02/27/2014,75018.62
06/03/2022,75000.32
06/05/2014,74998.68
12/23/2019,74994.43
06/14/2024,74985.1
11/01/2016,74981.52
04/16/2019,74972.1
04/21/2016,74959.19
11/25/2020,74939.89
08/13/2015,74938.83
07/29/2014,74882.16
06/04/2015,74872.29
02/26/2015,74869.16
01/20/2015,74868.01
07/09/2013,74838.05
06/28/2022,74825.5
02/14/2022,74811.29
07/24/2014,74809.61
06/09/2016,74809.39
05/17/2024,74767.43
01/25/2022,74766.45
01/03/2019,74752.72
06/05/2021,74746.92
03/20/2024,74722.85
09/29/2016,74720.14
06/03/2014,74671.91
09/10/2021,74647.34
11/05/2020,74595.72
05/01/2013,74558.27
01/10/2018,74550.32
08/01/2016,74528.14
01/17/2018,74507.13
10/24/2023,74492.34
01/30/2024,74483.67
04/08/2024,74478.64
02/12/2018,74446.01
03/05/2015,74423.59
11/10/2022,74361.22
06/22/2017,74358.42
07/26/2012,74352.59
11/19/2013,74338.46
03/10/2016,74324.08
01/17/2013,74321.15
11/25/2013,74305.58
02/20/2014,74276.18
11/01/2018,74227.64
05/27/2014,74172.27
08/13/2021,74168.89
11/21/2014,74154.38
09/27/2012,74101.41
08/09/2016,74087.42
02/09/2021,73993.34
03/29/2017,73984.1
04/25/2012,73957.03
12/01/2023,73947.77
01/29/2019,73923.24
09/10/2015,73918.53
01/22/2018,73917.39
12/13/2021,73901.42
09/06/2016,73883.25
03/28/2024,73868.77
02/20/2018,73867.68
03/20/2018,73863.4
01/28/2022,73847.22
07/12/2021,73837.71
04/02/2015,73832.54
01/03/2012,73788.18
06/17/2013,73754.32
03/14/2023,73594.57
12/02/2019,73592.98
08/14/2019,73568.29
08/02/2019,73561.89
06/16/2016,73558.91
04/24/2013,73555.04
06/11/2015,73547.28
10/25/2022,73514.86
05/15/2014,73477.24
07/23/2013,73460.77
07/11/2012,73458.05
10/22/2013,73397.48
09/11/2014,73314.21
06/21/2024,73293.62
11/20/2014,73285.97
01/30/2018,73262.07
08/08/2017,73247.0
04/01/2020,73223.73
12/03/2020,73201.59
08/01/2017,73191.32
01/24/2024,73186.75
02/11/2016,73171.39
12/30/2020,73162.14
03/12/2015,73151.65
09/28/2016,73122.33
03/21/2019,73113.84
08/16/2021,73076.92
03/30/2020,73073.67
03/15/2018,73065.7
01/17/2017,73041.04
09/20/2021,73038.07
11/21/2019,73023.29
01/15/2013,73022.29
08/19/2014,73021.8
05/07/2015,73015.38
11/29/2022,73004.4
01/23/2014,72998.6
06/14/2019,72995.18
08/09/2019,72942.31
06/14/2013,72869.3
10/22/2015,72836.35
07/07/2016,72832.18
01/23/2012,72817.79
11/20/2012,72764.56
11/30/2021,72758.49
10/29/2013,72745.26
09/19/2017,72682.0
04/03/2013,72641.76
09/22/2016,72589.4
01/05/2017,72586.72
11/28/2023,72578.6
06/20/2017,72577.26
08/02/2021,72553.18
01/20/2022,72549.19
07/16/2021,72537.48
03/26/2019,72518.49
05/22/2024,72490.15
01/14/2022,72481.68
03/11/2024,72476.19
02/29/2012,72474.32
12/05/2012,72463.15
03/29/2016,72431.47
01/09/2014,72423.33
03/27/2013,72400.33
03/24/2015,72397.2
08/09/2021,72331.28
01/06/2020,72329.52
01/07/2014,72319.31
04/24/2024,72313.19
01/17/2012,72269.12
03/14/2012,72218.19
01/04/2017,72201.22
02/14/2020,72188.91
01/07/2021,72183.44
07/31/2014,72069.0
08/20/2013,72061.96
04/04/2017,72041.52
01/16/2012,72034.93
02/15/2024,71986.89
06/19/2014,71984.89
01/26/2017,71937.8
01/23/2018,71807.65
01/14/2019,71803.99
02/01/2012,71802.22
01/24/2022,71791.15
08/23/2021,71788.78
01/16/2024,71729.7
11/26/2013,71650.24
01/29/2024,71641.34
12/16/2022,71622.37
06/01/2022,71554.95
06/07/2024,71538.67
12/26/2022,71456.88
11/02/2017,71432.7
10/16/2014,71424.58
11/19/2012,71421.21
08/21/2014,71416.58
12/12/2019,71395.35
08/29/2014,71353.94
03/20/2013,71330.34
01/08/2015,71303.88
08/12/2022,71231.88
05/23/2022,71226.06
03/21/2023,71204.44
02/29/2024,71200.9
01/29/2015,71161.01
01/21/2020,71142.38
06/28/2024,71139.82
07/22/2014,71119.16
02/06/2020,71080.36
02/19/2015,71068.48
01/12/2022,71057.81
05/30/2017,71023.29
01/29/2020,70987.27
04/15/2014,70924.18
04/16/2015,70918.87
08/15/2013,70886.14
06/20/2012,70846.83
08/12/2014,70839.51
01/09/2019,70830.01
09/17/2015,70743.45
03/24/2016,70724.85
01/31/2019,70720.01
08/01/2012,70714.62
01/20/2020,70648.25
01/11/2017,70634.36
09/17/2013,70625.84
08/20/2015,70598.92
03/19/2020,70553.74
11/05/2015,70544.08
04/26/2024,70537.56
02/04/2014,70535.93
01/08/2020,70497.26
02/21/2023,70464.07
11/07/2013,70286.62
01/17/2019,70262.22
08/31/2012,70230.08
04/30/2020,70183.57
01/22/2015,70165.56
01/15/2019,70158.83
01/17/2022,70100.03
05/18/2023,69965.83
07/17/2013,69958.8
03/03/2016,69943.92
06/04/2022,69934.89
02/18/2016,69930.38
01/13/2020,69819.45
08/22/2017,69756.73
01/23/2024,69736.55
11/01/2012,69725.7
07/17/2014,69711.74
09/27/2021,69657.24
12/04/2023,69644.5
03/26/2020,69636.27
11/07/2019,69625.37
01/15/2020,69620.89
10/17/2013,69572.88
08/01/2013,69498.71
11/29/2021,69497.75
04/20/2017,69413.88
02/28/2023,69401.9
01/07/2016,69372.41
06/18/2020,69366.41
10/31/2012,69319.74
11/14/2013,69263.41
02/27/2020,69202.52
04/09/2015,69200.07
09/20/2016,69168.49
12/28/2013,69127.14
04/18/2017,69123.02
01/12/2012,69122.57
01/27/2015,69119.16
01/19/2023,69051.16
01/02/2019,69040.61
01/09/2012,69010.94
04/01/2014,69008.49
11/12/2020,68995.49
02/11/2014,68899.83
09/12/2019,68875.72
04/09/2020,68847.77
12/23/2014,68813.12
07/25/2019,68799.5
03/02/2021,68776.65
03/11/2014,68766.73
07/02/2018,68753.52
08/13/2020,68744.0
12/20/2014,68743.49
03/13/2014,68616.2
02/12/2015,68537.28
11/21/2015,68515.74
04/25/2023,68510.24
01/24/2023,68464.84
01/23/2013,68464.8
02/20/2020,68449.77
04/15/2019,68368.87
03/30/2017,68362.67
01/30/2019,68347.25
09/19/2023,68343.18
07/09/2020,68337.79
01/31/2020,68305.53
06/17/2024,68101.68
08/14/2014,68042.41
01/25/2018,68020.0
09/18/2014,68006.59
11/23/2016,67995.21
07/16/2015,67994.54
09/28/2017,67989.49
01/10/2012,67934.55
08/28/2023,67922.93
07/23/2020,67807.1
01/16/2013,67745.45
01/17/2020,67634.66
09/12/2013,67589.26
09/19/2013,67572.95
05/25/2012,67510.48
06/11/2021,67418.81
07/23/2015,67408.68
09/25/2014,67403.78
03/16/2023,67387.55
01/13/2022,67367.03
01/10/2013,67320.84
01/18/2012,67283.66
01/11/2018,67242.32
09/21/2023,67226.62
01/18/2022,67196.34
04/23/2015,67157.63
01/10/2023,67129.94
04/17/2013,67119.01
02/25/2014,67038.27
01/07/2022,67034.7
07/26/2016,67027.83
01/19/2017,66971.45
04/14/2016,66852.41
04/19/2023,66743.15
07/25/2013,66678.72
10/22/2020,66637.85
09/24/2015,66599.1
03/05/2020,66468.31
06/11/2020,66438.04
02/13/2024,66429.09
03/19/2019,66305.24
07/16/2020,66285.59
10/08/2013,66159.68
11/03/2023,66108.48
03/08/2024,66098.82
03/18/2014,66075.77
07/13/2023,65940.54
11/06/2014,65932.85
09/26/2013,65824.2
01/30/2013,65775.55
01/16/2015,65764.79
07/18/2016,65741.58
03/25/2024,65595.25
03/19/2015,65548.07
01/04/2018,65508.58
01/21/2014,65506.76
03/12/2020,65449.79
03/26/2015,65442.58
02/20/2013,65412.07
01/16/2018,65398.37
02/16/2021,65387.76
02/02/2024,65254.76
03/28/2012,65251.16
09/19/2012,65186.71
11/25/2014,65134.8
05/24/2024,64998.44
11/22/2013,64973.87
01/31/2023,64890.71
04/22/2014,64866.64
12/28/2019,64865.87
01/02/2018,64844.59
01/15/2016,64796.5
08/08/2019,64765.48
10/11/2016,64704.85
01/04/2012,64690.86
03/09/2022,64667.22
01/15/2015,64660.15
11/24/2015,64576.43
09/10/2013,64547.08
01/05/2012,64528.0
01/25/2012,64378.7
03/06/2013,64337.28
08/15/2019,64077.97
06/20/2019,64024.97
01/23/2019,63970.54
01/08/2019,63869.09
01/24/2017,63791.41
03/04/2014,63763.21
11/12/2013,63668.01
03/31/2016,63550.63
09/24/2013,63523.92
01/25/2019,63507.3
09/25/2023,63466.1
01/10/2020,63431.99
03/20/2014,63193.21
03/28/2017,63150.85
01/11/2024,63145.59
11/16/2012,63119.39
01/06/2023,63029.37
02/21/2017,63010.54
02/28/2017,62703.78
01/16/2014,62360.78
01/30/2020,62360.56
10/13/2023,62322.13
08/22/2019,62317.45
01/03/2017,62246.38
03/10/2022,62243.59
03/07/2012,62018.16
01/09/2013,61945.76
03/21/2017,61879.27
01/14/2014,61862.31
09/06/2013,61314.03
03/22/2024,61275.21
08/16/2016,61271.16
07/11/2019,61230.79
03/14/2017,61227.4
01/11/2012,61223.22
12/07/2018,61168.42
12/23/2016,61160.88
02/18/2014,61129.4
07/08/2023,61109.85
07/18/2019,61065.88
01/23/2020,60648.7
11/05/2013,60579.99
01/31/2017,60564.1
11/10/2014,60552.78
09/19/2019,60518.84
01/21/2016,60497.22
07/01/2016,60494.67
01/02/2014,60378.06
09/27/2016,60355.5
04/23/2020,60320.53
01/12/2017,60290.47
05/21/2020,60277.82
03/27/2014,60237.57
01/14/2016,60116.77
11/17/2017,60116.24
06/02/2023,60086.97
11/22/2014,59814.65
02/05/2024,59758.4
11/30/2018,59621.52
01/14/2020,59461.8
01/18/2018,59434.25
01/02/2013,59319.83
01/10/2017,59205.09
08/23/2016,58887.79
05/06/2024,58797.49
05/04/2018,58755.39
05/21/2021,58636.77
08/02/2016,58614.57
12/30/2023,58513.22
09/11/2021,58348.92
01/14/2015,58099.94
02/24/2022,57917.52
12/16/2016,57760.45
02/13/2020,57722.06
01/18/2019,57711.62
12/02/2016,57682.41
02/09/2024,57480.82
04/16/2020,57447.95
10/19/2018,57410.99
03/25/2014,57130.59
01/09/2020,57005.34
07/09/2022,56593.69
11/13/2023,56563.54
05/15/2018,56469.35
12/14/2018,56417.37
11/18/2016,55908.88
04/02/2020,54977.95
12/08/2017,54445.5
01/04/2022,54284.04
04/19/2024,54117.36
12/01/2017,54011.55
12/21/2013,53824.07
01/18/2024,53805.84
08/08/2022,53750.69
01/31/2022,53403.68
06/23/2017,53367.3
06/30/2017,53115.91
12/09/2023,53082.54
01/16/2020,52856.03
02/23/2022,52743.32
06/15/2018,52698.38
07/19/2016,52252.79
10/07/2016,51698.05
02/16/2024,51406.55
03/02/2022,51234.06
08/10/2018,51092.56
01/26/2024,50982.31
11/23/2013,50906.34
04/13/2019,50759.59
03/07/2022,50680.66
11/16/2018,50311.58
10/20/2017,50049.14
11/11/2016,49468.62
03/03/2022,48709.67
03/04/2022,48705.94
09/07/2018,48574.73
04/05/2019,48539.12
07/14/2017,48501.31
12/15/2017,48488.01
11/21/2018,48403.1
11/11/2023,48107.96
06/01/2018,47686.34
03/08/2019,47681.57
10/26/2018,47668.2
09/01/2017,47632.76
10/12/2018,47476.69
04/13/2018,47385.51
11/09/2018,47074.8
02/10/2017,46895.33
02/08/2019,46383.5
10/05/2018,46335.81
02/09/2018,46323.65
10/06/2017,46232.4
10/28/2016,46227.37
06/16/2017,46045.37
07/13/2018,46044.15
11/22/2017,45971.17
09/15/2017,45939.4
10/13/2017,45881.26
06/01/2024,45743.33
02/15/2019,45555.63
04/27/2018,45432.25
04/14/2017,45328.34
05/05/2017,45297.75
05/18/2018,45218.57
02/22/2019,45054.08
01/08/2023,45011.55
02/03/2017,44998.64
04/12/2024,44836.62
07/21/2017,44724.5
03/08/2022,44459.76
11/03/2017,44422.22
10/27/2017,44203.09
07/20/2018,44196.69
10/20/2023,44116.42
11/10/2017,44014.78
02/01/2019,43902.13
03/01/2019,43879.01
12/29/2017,43520.79
08/12/2016,43233.13
06/09/2017,43193.07
08/11/2017,43135.71
07/27/2018,42979.73
08/03/2018,42928.7
11/04/2016,42809.01
05/12/2017,42782.15
03/29/2019,42755.16
05/19/2017,42718.09
06/02/2017,42699.74
03/17/2017,42625.37
09/21/2018,42527.24
09/09/2016,42468.98
01/16/2017,42337.03
02/24/2017,42317.03
12/09/2016,42228.89
09/30/2016,42183.65
07/28/2017,42072.09
08/17/2018,41689.69
07/15/2016,41472.5
05/11/2018,41416.86
04/07/2017,41310.28
03/15/2024,41221.63
02/17/2017,41143.22
11/02/2018,41142.8
06/29/2024,41121.09
08/24/2018,40950.67
06/08/2018,40943.32
09/02/2016,40893.87
07/06/2018,40772.04
07/07/2017,40190.11
05/27/2024,40161.5
01/19/2024,39842.78
09/14/2018,39735.26
08/18/2017,39707.17
07/29/2016,39677.24
08/25/2017,39446.87
01/11/2019,39426.2
02/16/2018,39358.37
02/23/2018,39347.41
09/08/2017,39292.53
08/15/2022,39239.71
08/04/2017,38956.26
08/05/2016,38683.86
02/11/2024,38676.84
08/19/2016,38605.58
04/20/2018,38531.93
08/26/2016,38476.83
03/09/2018,38414.21
04/06/2018,38385.27
04/28/2017,38085.24
09/23/2016,38024.43
09/29/2017,37891.9
01/06/2017,37806.1
08/01/2022,37772.87
03/31/2017,37767.76
12/29/2018,37724.16
11/05/2023,37567.04
02/28/2022,37380.96
03/23/2018,37238.77
10/21/2016,37196.89
03/30/2018,37109.15
03/16/2018,36939.11
03/02/2018,36907.3
10/14/2016,36349.17
02/25/2022,36331.02
03/10/2017,36193.05
01/12/2018,36122.72
02/23/2024,36058.81
09/28/2018,35694.36
03/15/2019,35543.57
02/02/2018,35513.85
03/22/2019,35493.88
01/26/2018,35394.04
01/19/2018,35349.11
01/05/2018,35299.17
03/24/2017,35203.34
09/22/2017,35004.89
07/22/2016,34429.43
06/22/2018,34320.36
01/14/2024,34205.88
04/14/2024,33802.35
03/03/2017,33520.85
01/27/2017,33430.81
10/15/2023,32927.73
10/22/2023,32871.54
04/21/2017,32728.89
11/19/2023,32228.56
03/01/2022,31899.83
11/30/2019,31498.68
01/20/2017,31111.17
12/30/2016,30843.58
05/12/2024,30805.44
11/10/2023,30123.22
09/10/2022,29884.38
12/17/2022,29821.75
01/13/2017,28920.73
02/25/2024,28430.98
05/22/2021,28285.38
03/17/2024,28179.83
03/10/2024,27981.45
02/04/2024,24412.38
01/12/2024,24209.84
12/08/2023,24017.53
08/31/2016,23872.33
06/15/2019,23108.37
11/15/2019,22972.01
11/12/2023,22950.81
12/03/2023,22838.3
11/22/2019,22087.29
12/10/2023,21650.89
04/21/2024,21205.89
06/12/2021,20336.34
11/26/2023,19764.8
10/31/2017,18559.99
01/28/2024,18458.33
06/09/2024,17859.15
06/23/2024,16963.39
04/28/2024,16670.87
08/29/2016,16668.98
08/30/2016,16489.48
03/24/2024,14909.19
11/18/2023,14698.44
12/16/2023,14281.8
08/14/2022,14193.55
06/02/2024,13364.61
01/21/2024,13242.68
06/01/2019,12495.0
06/30/2024,11765.62
02/18/2024,11495.93
05/19/2024,10533.88
06/16/2024,9962.64
12/18/2022,9842.83
12/23/2022,9634.5
04/17/2022,8254.69
09/29/2019,7802.92
11/24/2022,7668.78
03/03/2024,6867.47
11/23/2023,6732.71
07/04/2019,5964.89
12/24/2014,5131.9
12/31/2013,5099.62
07/02/2015,4969.85
11/25/2015,4925.85
12/10/2022,4868.31
01/07/2024,4779.38
12/31/2014,4394.76
11/27/2013,3961.51
02/26/2022,3532.71
07/03/2014,3451.85
12/24/2013,3390.96
12/24/2018,3265.71
11/21/2012,3164.98
11/25/2023,3124.68
11/28/2020,2403.92
06/27/2021,2290.58
10/09/2022,1767.6
06/21/2013,1728.49
01/02/2023,1707.28
06/20/2021,1661.83
12/13/2013,1658.79
06/29/2012,1411.5
03/14/2014,1384.4
05/24/2013,1375.1
07/04/2022,1345.12
02/13/2022,1326.27
11/27/2021,1267.25
08/16/2013,1215.17
12/31/2015,1202.39
11/26/2014,1180.19
05/15/2021,1118.15
05/21/2023,1107.24
11/08/2013,1056.71
04/23/2022,1049.6
09/06/2021,1045.32
10/10/2021,1035.55
12/12/2014,1011.75
11/13/2022,990.39
11/28/2021,970.09
01/23/2022,959.56
12/06/2013,900.98
09/04/2023,886.49
11/21/2021,879.25
12/24/2015,874.67
10/10/2014,873.49
05/29/2023,812.01
08/30/2013,792.91
01/29/2023,737.12
10/24/2021,689.85
11/20/2022,662.65
04/11/2021,659.08
05/31/2021,654.95
12/04/2022,649.12
04/15/2016,639.0
06/10/2016,635.25
07/11/2021,626.02
12/05/2021,617.01
06/26/2022,609.35
06/19/2022,589.15
04/03/2022,584.35
06/13/2021,583.54
01/31/2014,578.5
05/23/2021,547.5
08/15/2021,546.35
11/01/2020,524.2
04/27/2012,512.2
05/06/2016,499.5
09/18/2022,497.7
07/18/2021,492.57
06/22/2013,489.1
02/27/2022,470.56
07/23/2023,468.87
12/12/2021,455.35
12/26/2021,448.93
03/27/2022,440.87
10/25/2013,439.12
12/04/2015,429.65
04/11/2014,425.35
05/08/2022,424.19
11/06/2022,423.59
04/25/2021,403.27
10/30/2022,397.1
08/07/2015,389.57
10/31/2021,387.15
09/25/2015,379.29
01/01/2024,378.02
06/22/2012,346.0
06/24/2016,342.0
11/01/2013,337.89
08/29/2021,337.7
06/12/2015,336.0
06/06/2021,333.95
05/16/2021,328.4
02/20/2022,321.35
08/21/2022,318.25
03/15/2013,315.0
07/27/2012,310.5
11/27/2022,307.64
07/04/2021,305.04
01/02/2022,300.79
03/13/2022,296.35
09/18/2015,292.95
09/20/2013,291.97
02/06/2022,288.57
04/09/2023,285.64
11/02/2019,285.0
07/08/2016,282.0
11/15/2013,281.95
06/05/2022,269.6
10/02/2015,257.35
03/20/2022,249.34
04/10/2022,245.8
09/02/2023,242.4
05/10/2013,240.0
05/30/2022,239.22
10/23/2022,238.57
10/17/2021,237.7
05/15/2022,222.95
02/12/2023,215.57
06/03/2016,213.75
01/23/2015,212.68
11/07/2021,210.0
07/25/2021,198.32
05/20/2016,198.0
01/16/2022,196.1
10/03/2021,184.92
05/13/2016,180.0
03/26/2023,169.5
03/09/2012,165.1
05/11/2024,165.0
01/17/2014,164.25
12/11/2022,162.0
10/11/2020,161.47
03/06/2022,159.9
02/22/2013,154.5
07/30/2023,154.3
01/30/2022,152.85
08/28/2022,148.2
01/09/2022,148.0
12/19/2021,146.32
01/15/2023,139.54
02/06/2015,138.0
06/05/2015,137.25
05/03/2013,132.0
05/09/2021,130.15
09/26/2021,129.95
09/12/2021,127.25
03/04/2016,126.0
07/20/2012,120.0
08/22/2021,119.56
12/14/2012,119.25
05/19/2019,118.62
08/30/2020,117.0
07/19/2013,114.0
09/21/2012,113.75
07/31/2015,105.0
05/01/2022,105.0
03/06/2015,97.5
11/25/2021,95.5
09/05/2022,89.25
03/25/2016,81.0
01/27/2012,72.8
02/08/2013,72.0
06/28/2013,70.5
05/02/2021,70.5
02/12/2016,69.0
05/02/2014,66.76
04/29/2016,64.5
06/01/2012,61.5
08/01/2021,60.0
03/11/2016,55.8
04/19/2013,55.2
01/25/2013,54.0
05/01/2015,52.5
07/10/2022,49.95
07/26/2020,46.4
06/07/2013,45.0
02/05/2023,42.0
03/16/2012,41.1
01/22/2023,39.5
09/14/2012,35.5
10/30/2015,31.5
07/04/2023,28.85
08/03/2012,26.1
10/02/2022,24.9
03/07/2021,24.75
11/14/2021,19.75
08/02/2013,16.5
08/13/2023,14.25
11/02/2012,12.0
11/05/2016,10.5
05/29/2017,10.5
09/04/2017,9.0
05/29/2015,9.0
05/11/2012,9.0
05/27/2017,6.5
06/19/2015,6.0
10/03/2014,5.7
10/24/2014,5.25
09/07/2012,4.5
10/25/2020,3.37
07/17/2022,2.25
05/25/2024,1.5
08/27/2023,0.75
02/19/2016,0.75
10/16/2022,0.2
